Full Name,Name,Status,Duration,Error,Stack Trace,Steps,Parent Suite,Suite,Sub Suite,Epic,Feature,Story
"tests.api.AuthApiTests.profileWithBearerToken","GET /api/auth/me returns profile for bearer token","passed","1s 186ms",,,,,"Auth API",,"Authentication","Authentication",
"tests.api.AuthApiTests.profileWithoutToken","GET /api/auth/me without token returns 401","passed","542ms",,,,,"Auth API",,"Authentication","Authentication",
"tests.api.ReferenceApiTests.healthEndpointReturnsOk","GET /api/health returns ok","passed","567ms",,,,,"Reference API",,"Home","Health and items",
"tests.api.ReferenceApiTests.itemsEndpointReturnsSeed","GET /api/items returns seeded PostgreSQL items","passed","4s 122ms",,,,,"Reference API",,"Home","Health and items",
"tests.api.AuthApiTests.loginRejectsEmptyCredentials","POST /api/auth/login rejects empty credentials with 400","passed","545ms",,,,,"Auth API",,"Authentication","Authentication",
"tests.api.AuthApiTests.loginWithInvalidPassword","POST /api/auth/login rejects invalid password","passed","600ms",,,,,"Auth API",,"Authentication","Authentication",
"tests.api.AuthApiTests.loginWithValidCredentials","POST /api/auth/login returns token for seeded user","passed","626ms",,,,,"Auth API",,"Authentication","Authentication",
"tests.api.AuthApiTests.logoutReturnsNoContent","POST /api/auth/logout returns 204","passed","550ms",,,,,"Auth API",,"Authentication","Authentication",
"tests.api.AuthApiTests.registerNewUser","POST /api/auth/register creates user and returns token","passed","3s 256ms",,,,,"Auth API",,"Authentication","Authentication",
"tests.api.AuthApiTests.registerDuplicateUsername","POST /api/auth/register rejects duplicate username","passed","557ms",,,,,"Auth API",,"Authentication","Authentication",
"tests.api.AuthApiTests.registerRejectsShortPassword","POST /api/auth/register rejects short password with 400","passed","537ms",,,,,"Auth API",,"Authentication","Authentication",